tags,owner.account_id,owner.user_type,owner.display_name,is_answered,has_accepted,view_count,up_vote_count,creation_date,question_id,share_link,link,title,is_SME,status,department,job_title,user_tenure,acc_answer_owner_id,acc_answer_user_type,acc_answer_display_name,acc_answer_up_vote_count,acc_answer_creation_date,acc_answer_id,acc_answer_is_SME,acc_answer_department,acc_answer_job_title,acc_answer_user_tenure
overflowai-generated,1,Admin,Test Engineering Admin,False,FALSE,2,0,2025-04-10T18:12:41.99,916,https://support-autotest.stackenterprise.co/q/916/1,https://support-autotest.stackenterprise.co/questions/916,"What color is the cord, white or light gray?",False,Open,,Engineer,"776 days, 10:12:43",,,,,,,,,,
overflowai-generated,1,Admin,Test Engineering Admin,False,FALSE,2,0,2025-04-10T14:35:34.123,914,https://support-autotest.stackenterprise.co/q/914/1,https://support-autotest.stackenterprise.co/questions/914,What are the options for buying carrots?,False,Open,,Engineer,"776 days, 10:12:43",,,,,,,,,,
food,2,Registered,Test Question Asker,False,FALSE,6,0,2025-04-10T14:13:56.37,913,https://support-autotest.stackenterprise.co/q/913/1,https://support-autotest.stackenterprise.co/questions/913,Bacon Bacon Bacon,False,Open,,Tester,"771 days, 20:44:03",,,,,,,,,,
overflowai-generated,1,Admin,Test Engineering Admin,False,FALSE,2,0,2025-04-09T21:56:56.323,911,https://support-autotest.stackenterprise.co/q/911/1,https://support-autotest.stackenterprise.co/questions/911,What is the favorite color of the team members?,False,Open,,Engineer,"776 days, 10:12:43",,,,,,,,,,
overflowai-generated,1,Admin,Test Engineering Admin,False,FALSE,2,0,2025-04-09T21:56:01.87,909,https://support-autotest.stackenterprise.co/q/909/1,https://support-autotest.stackenterprise.co/questions/909,What is the purpose of the thread summary requested by <@U07H69QFHRA>?,False,Open,,Engineer,"776 days, 10:12:43",,,,,,,,,,
overflowai-generated,1,Admin,Test Engineering Admin,False,FALSE,1,0,2025-04-09T21:37:06.393,907,https://support-autotest.stackenterprise.co/q/907/1,https://support-autotest.stackenterprise.co/questions/907,What is the process for requesting a thread summary in our communication platform?,False,Open,,Engineer,"776 days, 10:12:43",,,,,,,,,,
overflowai-generated,1,Admin,Test Engineering Admin,False,FALSE,1,0,2025-04-09T21:36:38.097,905,https://support-autotest.stackenterprise.co/q/905/1,https://support-autotest.stackenterprise.co/questions/905,What is the process for requesting a thread summary in our communication platform?,False,Open,,Engineer,"776 days, 10:12:43",,,,,,,,,,
backstage,1,Admin,Test Engineering Admin,False,FALSE,2,0,2025-04-07T15:28:15.97,904,https://support-autotest.stackenterprise.co/q/904/1,https://support-autotest.stackenterprise.co/questions/904,What is a PDEC Demo?,False,Open,,Engineer,"776 days, 10:12:43",,,,,,,,,,
backstage,1,Admin,Test Engineering Admin,False,FALSE,3,0,2025-04-02T13:33:44.147,903,https://support-autotest.stackenterprise.co/q/903/1,https://support-autotest.stackenterprise.co/questions/903,Backstage test question1231241,False,Open,,Engineer,"776 days, 10:12:43",,,,,,,,,,
test,1,Admin,Test Engineering Admin,False,FALSE,3,0,2025-04-01T22:25:04.62,902,https://support-autotest.stackenterprise.co/q/902/1,https://support-autotest.stackenterprise.co/questions/902,This is a test of pri chan notifications,False,Open,,Engineer,"776 days, 10:12:43",,,,,,,,,,
test,1,Admin,Test Engineering Admin,False,FALSE,2,0,2025-03-28T22:41:27.583,901,https://support-autotest.stackenterprise.co/q/901/1,https://support-autotest.stackenterprise.co/questions/901,I want a notifcation to a private channel,False,Open,,Engineer,"776 days, 10:12:43",,,,,,,,,,
backstage,1,Admin,Test Engineering Admin,False,FALSE,3,0,2025-03-14T11:49:38.093,900,https://support-autotest.stackenterprise.co/q/900/1,https://support-autotest.stackenterprise.co/questions/900,Backstage test with JWT 2,False,Open,,Engineer,"776 days, 10:12:43",,,,,,,,,,
backstage,1,Admin,Test Engineering Admin,False,FALSE,1,0,2025-03-14T11:49:04.17,899,https://support-autotest.stackenterprise.co/q/899/1,https://support-autotest.stackenterprise.co/questions/899,Test backstage with JWT,False,Open,,Engineer,"776 days, 10:12:43",,,,,,,,,,
test,1,Admin,Test Engineering Admin,False,FALSE,2,0,2025-03-11T20:42:20.83,898,https://support-autotest.stackenterprise.co/q/898/1,https://support-autotest.stackenterprise.co/questions/898,what is this?,False,Open,,Engineer,"776 days, 10:12:43",,,,,,,,,,
backstage,1,Admin,Test Engineering Admin,False,FALSE,2,0,2025-03-11T20:32:16.403,897,https://support-autotest.stackenterprise.co/q/897/1,https://support-autotest.stackenterprise.co/questions/897,Backstage test question 4213213213,False,Open,,Engineer,"776 days, 10:12:43",,,,,,,,,,
backstage,1,Admin,Test Engineering Admin,False,FALSE,2,0,2025-03-11T14:19:33.597,896,https://support-autotest.stackenterprise.co/q/896/1,https://support-autotest.stackenterprise.co/questions/896,Backstage test question 1323123121,False,Open,,Engineer,"776 days, 10:12:43",,,,,,,,,,
slack-testing,1,Admin,Test Engineering Admin,False,FALSE,2,0,2025-02-07T19:35:50.617,842,https://support-autotest.stackenterprise.co/q/842/1,https://support-autotest.stackenterprise.co/questions/842,Mabl Question asked from SOE tD06fAyhND,False,Open,,Engineer,"776 days, 10:12:43",,,,,,,,,,
backstage,1,Admin,Test Engineering Admin,False,FALSE,4,0,2025-03-07T14:43:23.073,895,https://support-autotest.stackenterprise.co/q/895/1,https://support-autotest.stackenterprise.co/questions/895,What is lorem ipsum?,False,Open,,Engineer,"776 days, 10:12:43",,,,,,,,,,
backstage,1,Admin,Test Engineering Admin,False,FALSE,3,0,2025-03-07T09:37:01.93,894,https://support-autotest.stackenterprise.co/q/894/1,https://support-autotest.stackenterprise.co/questions/894,Test backstage question with ref,False,Open,,Engineer,"776 days, 10:12:43",,,,,,,,,,
backstage,1,Admin,Test Engineering Admin,False,FALSE,2,0,2025-02-27T14:22:37.04,893,https://support-autotest.stackenterprise.co/q/893/1,https://support-autotest.stackenterprise.co/questions/893,Una pregunta para prueba del componente,False,Open,,Engineer,"776 days, 10:12:43",,,,,,,,,,
backstage,35,Admin,TestUserREP,False,FALSE,4,1,2025-02-26T20:10:58.997,892,https://support-autotest.stackenterprise.co/q/892/1,https://support-autotest.stackenterprise.co/questions/892,Backstage test question 132323423432,False,Open,,,"16 days, 10:37:00",,,,,,,,,,
overflowai-generated,1,Admin,Test Engineering Admin,False,FALSE,2,0,2025-01-27T17:12:25.717,835,https://support-autotest.stackenterprise.co/q/835/1,https://support-autotest.stackenterprise.co/questions/835,"What is the significance of ""hello world"" in programming?",False,Open,,Engineer,"776 days, 10:12:43",,,,,,,,,,
overflowai-generated,1,Admin,Test Engineering Admin,False,FALSE,3,0,2025-01-27T15:15:51.863,833,https://support-autotest.stackenterprise.co/q/833/1,https://support-autotest.stackenterprise.co/questions/833,What recipe did Joel use to make his bagels?,False,Open,,Engineer,"776 days, 10:12:43",,,,,,,,,,
test,1,Admin,Test Engineering Admin,False,FALSE,3,0,2025-02-24T23:30:23.463,886,https://support-autotest.stackenterprise.co/q/886/1,https://support-autotest.stackenterprise.co/questions/886,John draw real poor on call my,False,Open,,Engineer,"776 days, 10:12:43",,,,,,,,,,
test,1,Admin,Test Engineering Admin,False,FALSE,2,1,2025-02-21T15:09:38.887,885,https://support-autotest.stackenterprise.co/q/885/1,https://support-autotest.stackenterprise.co/questions/885,As am hastily invited settled at limited,False,Open,,Engineer,"776 days, 10:12:43",,,,,,,,,,
test,4,Moderator,Test Moderator To Be,False,FALSE,3,2,2025-02-21T15:05:56.607,884,https://support-autotest.stackenterprise.co/q/884/1,https://support-autotest.stackenterprise.co/questions/884,At every tiled on ye defer do,False,Open,,Marketing Coordinator,"747 days, 22:07:22",,,,,,,,,,
test,2,Registered,Test Question Asker,False,FALSE,4,3,2025-02-21T15:03:46.447,883,https://support-autotest.stackenterprise.co/q/883/1,https://support-autotest.stackenterprise.co/questions/883,Needed feebly dining oh talked wisdom oppose at,False,Open,,Tester,"771 days, 20:44:03",,,,,,,,,,
slack-testing,2,Registered,Test Question Asker,False,FALSE,3,1,2025-02-21T15:03:20.04,882,https://support-autotest.stackenterprise.co/q/882/1,https://support-autotest.stackenterprise.co/questions/882,Sportsman do offending supported,False,Open,,Tester,"771 days, 20:44:03",,,,,,,,,,
test,4,Moderator,Test Moderator To Be,False,FALSE,3,0,2025-02-21T15:02:49.437,881,https://support-autotest.stackenterprise.co/q/881/1,https://support-autotest.stackenterprise.co/questions/881,An do on frankness so cordially,False,Open,,Marketing Coordinator,"747 days, 22:07:22",,,,,,,,,,
test,5,Registered,Test Downvoter,False,FALSE,2,1,2025-02-21T15:02:28.677,880,https://support-autotest.stackenterprise.co/q/880/1,https://support-autotest.stackenterprise.co/questions/880,Prevailed sincerity behaviour,False,Open,,Product Manager,"770 days, 8:20:18",,,,,,,,,,
backstage,35,Admin,TestUserREP,False,FALSE,4,0,2025-02-20T21:05:45.123,879,https://support-autotest.stackenterprise.co/q/879/1,https://support-autotest.stackenterprise.co/questions/879,Backstage test question 3,False,Open,,,"16 days, 10:37:00",,,,,,,,,,
backstage,35,Admin,TestUserREP,False,FALSE,2,0,2025-02-20T20:49:06.27,878,https://support-autotest.stackenterprise.co/q/878/1,https://support-autotest.stackenterprise.co/questions/878,Backstage test question 2,False,Open,,,"16 days, 10:37:00",,,,,,,,,,
backstage,35,Admin,TestUserREP,False,FALSE,2,0,2025-02-20T11:40:48.177,877,https://support-autotest.stackenterprise.co/q/877/1,https://support-autotest.stackenterprise.co/questions/877,Backstage test question,False,Open,,,"16 days, 10:37:00",,,,,,,,,,
test,2,Registered,Test Question Asker,False,FALSE,4,2,2025-02-19T19:23:43.76,876,https://support-autotest.stackenterprise.co/q/876/1,https://support-autotest.stackenterprise.co/questions/876,So insisted received is occasion advanced,False,Open,,Tester,"771 days, 20:44:03",,,,,,,,,,
apples,1,Admin,Test Engineering Admin,False,FALSE,2,2,2025-02-19T19:22:19.813,875,https://support-autotest.stackenterprise.co/q/875/1,https://support-autotest.stackenterprise.co/questions/875,Unpleasant nor diminution excellence apartments,False,Open,,Engineer,"776 days, 10:12:43",,,,,,,,,,
test,4,Moderator,Test Moderator To Be,False,FALSE,2,1,2025-02-19T19:21:51.96,874,https://support-autotest.stackenterprise.co/q/874/1,https://support-autotest.stackenterprise.co/questions/874,neglected principle ask rapturous consulte,False,Open,,Marketing Coordinator,"747 days, 22:07:22",,,,,,,,,,
test,2,Registered,Test Question Asker,False,FALSE,3,2,2025-02-19T19:21:20.043,873,https://support-autotest.stackenterprise.co/q/873/1,https://support-autotest.stackenterprise.co/questions/873,Gave read use way make spot how nor,False,Open,,Tester,"771 days, 20:44:03",,,,,,,,,,
test,14,Registered,Test Upvoter,False,FALSE,2,1,2025-02-19T19:20:48.613,872,https://support-autotest.stackenterprise.co/q/872/1,https://support-autotest.stackenterprise.co/questions/872,Is post each that just leaf no,False,Open,,,"599 days, 22:14:59",,,,,,,,,,
slack-testing,5,Registered,Test Downvoter,False,FALSE,2,2,2025-02-19T19:20:20.47,871,https://support-autotest.stackenterprise.co/q/871/1,https://support-autotest.stackenterprise.co/questions/871,Carriage quitting securing be appetite,False,Open,,Product Manager,"770 days, 8:20:18",,,,,,,,,,
slack-testing,14,Registered,Test Upvoter,False,FALSE,5,1,2025-02-14T21:13:54.23,870,https://support-autotest.stackenterprise.co/q/870/1,https://support-autotest.stackenterprise.co/questions/870,Satisfied conveying an dependent contented,False,Open,,,"599 days, 22:14:59",,,,,,,,,,
slack-testing,4,Moderator,Test Moderator To Be,False,FALSE,5,1,2025-02-14T20:16:33.987,868,https://support-autotest.stackenterprise.co/q/868/1,https://support-autotest.stackenterprise.co/questions/868,Greatly cottage thought fortune no mention he,False,Open,,Marketing Coordinator,"747 days, 22:07:22",,,,,,,,,,
slack-testing,2,Registered,Test Question Asker,False,FALSE,3,1,2025-02-13T18:56:54.307,867,https://support-autotest.stackenterprise.co/q/867/1,https://support-autotest.stackenterprise.co/questions/867,He my polite be object oh change,False,Open,,Tester,"771 days, 20:44:03",,,,,,,,,,
apples,5,Registered,Test Downvoter,False,FALSE,4,2,2025-02-13T18:53:11.643,866,https://support-autotest.stackenterprise.co/q/866/1,https://support-autotest.stackenterprise.co/questions/866,Or neglected agreeable of discovery,False,Open,,Product Manager,"770 days, 8:20:18",,,,,,,,,,
"testing,iq2oyr",1,Admin,Test Engineering Admin,True,TRUE,4,0,2025-02-07T18:32:40.103,837,https://support-autotest.stackenterprise.co/q/837/1,https://support-autotest.stackenterprise.co/questions/837,Mabl Auto Test Question EaVHW7imd0,False,Open,,Engineer,"776 days, 10:12:43",5,Registered,Test Downvoter,1,2025-02-13T17:52:59.65,864,False,,Product Manager,"770 days, 8:20:18"
sky,2,Registered,Test Question Asker,False,FALSE,9,2,2025-02-12T19:11:07.733,857,https://support-autotest.stackenterprise.co/q/857/1,https://support-autotest.stackenterprise.co/questions/857,sky Smallest directly families surprise honoured am an,False,Open,,Tester,"771 days, 20:44:03",,,,,,,,,,
test,5,Registered,Test Downvoter,True,TRUE,6,1,2025-02-12T19:41:07.503,861,https://support-autotest.stackenterprise.co/q/861/1,https://support-autotest.stackenterprise.co/questions/861,Blind would equal while oh mr do style,False,Open,,Product Manager,"770 days, 8:20:18",1,Admin,Test Engineering Admin,3,2025-02-12T19:41:46.957,862,False,,Engineer,"776 days, 10:12:43"
test,1,Admin,Test Engineering Admin,True,TRUE,4,0,2025-02-12T17:16:47.723,850,https://support-autotest.stackenterprise.co/q/850/1,https://support-autotest.stackenterprise.co/questions/850,Can I create a question with no views?,False,Open,,Engineer,"776 days, 10:12:43",3,Moderator,Test Question Answerer,1,2025-02-12T19:36:51.593,860,False,Engineering,Engineer,"715 days, 22:48:57"
sky,5,Registered,Test Downvoter,False,FALSE,5,2,2025-02-12T19:12:26.967,859,https://support-autotest.stackenterprise.co/q/859/1,https://support-autotest.stackenterprise.co/questions/859,sky Admiration we surrounded possession frequently he,True,Open,,Product Manager,"770 days, 8:20:18",,,,,,,,,,
sky,5,Registered,Test Downvoter,False,FALSE,4,0,2025-02-12T19:12:02.45,858,https://support-autotest.stackenterprise.co/q/858/1,https://support-autotest.stackenterprise.co/questions/858,sky Is post each that just leaf no,True,Open,,Product Manager,"770 days, 8:20:18",,,,,,,,,,
sky,2,Registered,Test Question Asker,False,FALSE,3,0,2025-02-12T19:10:41.58,856,https://support-autotest.stackenterprise.co/q/856/1,https://support-autotest.stackenterprise.co/questions/856,sky Extremity sweetness difficult behaviour he of,False,Open,,Tester,"771 days, 20:44:03",,,,,,,,,,
sky,3,Moderator,Test Question Answerer,False,FALSE,4,1,2025-02-12T19:09:59.297,855,https://support-autotest.stackenterprise.co/q/855/1,https://support-autotest.stackenterprise.co/questions/855,sky Cottage out enabled was entered greatly prevent message,False,Open,Engineering,Engineer,"715 days, 22:48:57",,,,,,,,,,
sky,3,Moderator,Test Question Answerer,False,FALSE,2,0,2025-02-12T19:09:25.907,854,https://support-autotest.stackenterprise.co/q/854/1,https://support-autotest.stackenterprise.co/questions/854,sky For norland produce age wishing,False,Open,Engineering,Engineer,"715 days, 22:48:57",,,,,,,,,,
sky,1,Admin,Test Engineering Admin,False,FALSE,2,0,2025-02-12T19:08:57.683,853,https://support-autotest.stackenterprise.co/q/853/1,https://support-autotest.stackenterprise.co/questions/853,sky John draw real poor on call my from,False,Open,,Engineer,"776 days, 10:12:43",,,,,,,,,,
sky,1,Admin,Test Engineering Admin,False,FALSE,4,0,2025-02-12T19:08:31.313,852,https://support-autotest.stackenterprise.co/q/852/1,https://support-autotest.stackenterprise.co/questions/852,sky Remain lively hardly needed at do by,False,Open,,Engineer,"776 days, 10:12:43",,,,,,,,,,
"testing,sky,etiquette",2,Registered,Test Question Asker,False,FALSE,3,0,2025-02-07T19:21:48.9,841,https://support-autotest.stackenterprise.co/q/841/1,https://support-autotest.stackenterprise.co/questions/841,Mabl Question by Asker for Admin notification EzZ3w6lR4kk0zH8U5MArKkpAu0f6Vd,False,Open,,Tester,"771 days, 20:44:03",,,,,,,,,,
sky,1,Admin,Test Engineering Admin,False,FALSE,2,0,2025-02-12T17:48:13.967,851,https://support-autotest.stackenterprise.co/q/851/1,https://support-autotest.stackenterprise.co/questions/851,Gonna ask a question with the SKY tag for testing digests,False,Open,,Engineer,"776 days, 10:12:43",,,,,,,,,,
"testing,sky",1,Admin,Test Engineering Admin,False,FALSE,3,0,2025-02-07T19:00:14.423,840,https://support-autotest.stackenterprise.co/q/840/1,https://support-autotest.stackenterprise.co/questions/840,Question Mabl Auto After Secret Rotation g0a72LQtWX,False,Open,,Engineer,"776 days, 10:12:43",,,,,,,,,,
test,1,Admin,Test Engineering Admin,False,FALSE,2,0,2025-02-12T17:15:24.653,849,https://support-autotest.stackenterprise.co/q/849/1,https://support-autotest.stackenterprise.co/questions/849,How can I buy a car with no money?,False,Open,,Engineer,"776 days, 10:12:43",,,,,,,,,,
testing,1,Admin,Test Engineering Admin,False,FALSE,4,0,2025-02-12T16:17:48.847,848,https://support-autotest.stackenterprise.co/q/848/1,https://support-autotest.stackenterprise.co/questions/848,Mabl Question asked from SOE jugcJJR321,False,Open,,Engineer,"776 days, 10:12:43",,,,,,,,,,
"i9tnng,testing",1,Admin,Test Engineering Admin,False,FALSE,3,0,2025-02-12T16:10:37.613,847,https://support-autotest.stackenterprise.co/q/847/1,https://support-autotest.stackenterprise.co/questions/847,Mabl Auto Test Question H8Zx8cIDSl,False,Open,,Engineer,"776 days, 10:12:43",,,,,,,,,,
test,1,Admin,Test Engineering Admin,False,FALSE,4,0,2025-02-07T20:42:39.043,846,https://support-autotest.stackenterprise.co/q/846/1,https://support-autotest.stackenterprise.co/questions/846,tBnRj6v5eb3v4JHB0j7VPxzFsMuphS - DO NOT DELETE OR EDIT,False,Open,,Engineer,"776 days, 10:12:43",,,,,,,,,,
apples,1,Admin,Test Engineering Admin,False,FALSE,13,4,2025-02-07T19:41:59.917,844,https://support-autotest.stackenterprise.co/q/844/1,https://support-autotest.stackenterprise.co/questions/844,Mabl Question asked from SOE c0zdBnAMwo,False,Open,,Engineer,"776 days, 10:12:43",,,,,,,,,,
testing,1,Admin,Test Engineering Admin,False,FALSE,2,0,2025-02-07T18:56:16.013,839,https://support-autotest.stackenterprise.co/q/839/1,https://support-autotest.stackenterprise.co/questions/839,Question Title Mabl Auto wVunnmSyLi,False,Open,,Engineer,"776 days, 10:12:43",,,,,,,,,,
testing,1,Admin,Test Engineering Admin,False,FALSE,2,0,2025-02-07T18:39:51.337,838,https://support-autotest.stackenterprise.co/q/838/1,https://support-autotest.stackenterprise.co/questions/838,Mabl Question asked from SOE iPypbQABdW,False,Open,,Engineer,"776 days, 10:12:43",,,,,,,,,,
testing,1,Admin,Test Engineering Admin,False,FALSE,6,2,2025-01-21T16:15:56.513,832,https://support-autotest.stackenterprise.co/q/832/1,https://support-autotest.stackenterprise.co/questions/832,How are you today,False,Open,,Engineer,"776 days, 10:12:43",,,,,,,,,,
testing,1,Admin,Test Engineering Admin,False,FALSE,9,4,2025-01-21T16:11:49.817,831,https://support-autotest.stackenterprise.co/q/831/1,https://support-autotest.stackenterprise.co/questions/831,What time is it in London,False,Open,,Engineer,"776 days, 10:12:43",,,,,,,,,,
testing,1,Admin,Test Engineering Admin,False,FALSE,7,2,2025-01-21T15:07:32.09,830,https://support-autotest.stackenterprise.co/q/830/1,https://support-autotest.stackenterprise.co/questions/830,How can anyone possibly want to use MS Teams?,False,Open,,Engineer,"776 days, 10:12:43",,,,,,,,,,
